City_ID,City,Country,Lat,Lng,Max Temp,Humidity,Cloudiness,Wind Speed,Current Description
0,Ushuaia,AR,-54.8,-68.3,26.26,74,0,5.75,clear sky
1,Namatanai,PG,-3.6667,152.4333,82.71,75,95,11.43,moderate rain
2,Saskylakh,RU,71.9167,114.0833,61.5,41,89,10.42,overcast clouds
3,Khatanga,RU,71.9667,102.5,43.23,88,100,14.05,moderate rain
4,Tisovec,SK,48.6774,19.9436,49.87,86,20,4.88,few clouds
5,Airai,TL,-8.9266,125.4092,64.17,60,100,2.42,overcast clouds
6,Santa Luzia,BR,-19.7697,-43.8514,61.88,70,0,6.91,clear sky
7,Cabo San Lucas,MX,22.8909,-109.9124,80.26,53,9,11.16,clear sky
8,Iracoubo,GF,5.4802,-53.2011,77.2,80,95,8.66,overcast clouds
9,Kaitangata,NZ,-46.2817,169.8464,48.97,63,100,2.39,overcast clouds
10,Ongandjera,NA,-17.8833,15.0667,58.1,40,0,6.76,clear sky
11,Aykhal,RU,66.0,111.5,60.73,53,21,12.73,few clouds
12,Puerto Ayora,EC,-0.7393,-90.3518,69.55,93,57,10.63,broken clouds
13,Rikitea,PF,-23.1203,-134.9692,74.39,75,21,18.01,few clouds
14,Avarua,CK,-21.2078,-159.775,75.25,57,46,5.75,scattered clouds
15,Hobart,AU,-42.8794,147.3294,55.22,66,5,1.01,clear sky
16,Ottawa,CA,45.4112,-75.6981,68.43,57,20,6.91,few clouds
17,Surt,LY,31.2089,16.5887,79.32,83,0,6.29,clear sky
18,Neiafu,TO,-18.65,-173.9833,79.48,69,40,10.36,scattered clouds
19,Narsaq,GL,60.9167,-46.05,46.62,89,100,2.82,light rain
20,Atuona,PF,-9.8,-139.0333,77.72,80,22,25.55,few clouds
21,Kavieng,PG,-2.5744,150.7967,82.83,75,95,8.88,light rain
22,Bluff,NZ,-46.6,168.3333,47.8,71,100,4.16,overcast clouds
23,Ahipara,NZ,-35.1667,173.1667,59.65,96,100,11.74,moderate rain
24,Chokurdakh,RU,70.6333,147.9167,63.07,34,94,13.78,overcast clouds
25,Damnoen Saduak,TH,13.5182,99.9547,88.95,91,100,4.97,moderate rain
26,Muros,ES,42.7762,-9.0603,67.08,71,0,17.07,clear sky
27,Aktash,RU,50.3,87.7333,51.35,45,87,4.09,overcast clouds
28,East London,ZA,-33.0153,27.9116,58.66,73,0,7.07,clear sky
29,Yellowknife,CA,62.456,-114.3525,72.12,40,75,8.05,broken clouds
30,Port Elizabeth,ZA,-33.918,25.5701,53.31,88,0,4.61,clear sky
31,Polyarnyy,RU,69.1989,33.4478,54.59,82,41,2.77,scattered clouds
32,Victoria,HK,22.2855,114.1577,88.97,82,97,8.99,overcast clouds
33,Fairbanks,US,64.8378,-147.7164,85.6,40,0,5.75,smoke
34,Hithadhoo,MV,-0.6,73.0833,82.06,76,64,10.13,broken clouds
35,Egvekinot,RU,66.3167,-179.1667,48.31,73,100,7.09,overcast clouds
36,Rawson,AR,-43.3002,-65.1023,43.16,59,94,31.85,overcast clouds
37,Tura,IN,25.5198,90.2201,81.93,76,9,3.47,clear sky
38,Punta Arenas,CL,-53.15,-70.9167,28.51,86,0,8.05,clear sky
39,Raudeberg,NO,61.9875,5.1352,48.87,82,99,16.44,overcast clouds
40,Praia,CV,14.9215,-23.5087,75.74,78,20,14.97,few clouds
41,Mahebourg,MU,-20.4081,57.7,70.09,60,75,11.5,smoke
42,Nishihara,JP,26.1842,127.7558,86.05,79,75,10.36,broken clouds
43,Lang Suan,TH,9.9456,99.0785,83.86,71,99,7.72,overcast clouds
44,Geraldton,AU,-28.7667,114.6,59.41,72,0,13.8,clear sky
45,Agirish,RU,61.9247,63.0231,63.43,77,20,4.63,few clouds
46,Mar Del Plata,AR,-38.0023,-57.5575,49.08,95,100,3.44,light intensity drizzle
47,Richards Bay,ZA,-28.783,32.0377,61.12,91,0,3.4,clear sky
48,La Ronge,CA,55.1001,-105.2842,70.02,40,20,8.05,few clouds
49,Waipawa,NZ,-41.4122,175.5153,50.79,50,100,1.86,overcast clouds
50,Ancud,CL,-41.8697,-73.8203,41.23,75,100,12.73,light rain
51,Rocha,UY,-34.4833,-54.3333,62.04,93,100,16.02,overcast clouds
52,New Norfolk,AU,-42.7826,147.0587,53.92,75,20,5.99,few clouds
53,Mogadishu,SO,2.0371,45.3438,75.74,84,73,19.77,moderate rain
54,Calvinia,ZA,-31.4707,19.776,44.56,41,0,5.68,clear sky
55,Dikson,RU,73.5069,80.5464,33.17,87,13,3.96,few clouds
56,Jamestown,US,42.097,-79.2353,67.64,83,0,9.22,clear sky
57,Inirida,CO,3.8653,-67.9239,73.51,96,76,2.62,broken clouds
58,Hualmay,PE,-11.0964,-77.6139,61.16,83,67,3.96,broken clouds
59,Bambous Virieux,MU,-20.3428,57.7575,70.05,60,75,11.5,smoke
60,Bonthe,SL,7.5264,-12.505,76.06,87,20,3.87,light rain
61,Saint-Augustin,CA,51.226,-58.6502,56.3,70,100,1.01,overcast clouds
62,Roma,US,43.2128,-75.4557,65.95,86,0,2.3,clear sky
63,Hilo,US,19.7297,-155.09,86.29,54,0,8.05,clear sky
64,Coihaique,CL,-45.5752,-72.0662,30.81,93,40,3.44,scattered clouds
65,Louga,RU,58.7372,29.8453,56.37,98,100,2.01,overcast clouds
66,Albany,US,42.6001,-73.9662,67.39,82,16,3.94,few clouds
67,Gondanglegi,ID,-7.7479,112.0132,80.1,68,30,12.97,scattered clouds
68,Makakilo City,US,21.3469,-158.0858,82.56,61,100,9.22,overcast clouds
69,Kodiak,US,57.79,-152.4072,56.71,88,100,12.66,light rain
70,Simoes,BR,-7.5989,-40.8178,70.59,80,0,13.53,clear sky
71,Iqaluit,CA,63.7506,-68.5145,38.93,86,75,4.61,broken clouds
72,Tupik,RU,54.4253,119.9327,58.3,91,100,7.72,overcast clouds
73,Hargeysa,SO,9.56,44.065,66.47,66,9,30.87,clear sky
74,Namanga,KE,-2.5433,36.7905,56.61,85,13,6.8,few clouds
75,Fatehabad,IN,29.5167,75.45,96.62,42,3,7.43,clear sky
76,Bredasdorp,ZA,-34.5322,20.0403,46.26,79,16,5.23,few clouds
77,Arrecife,ES,28.963,-13.5477,69.78,73,75,16.11,broken clouds
78,Exeter,GB,50.7236,-3.5275,61.93,91,75,8.05,broken clouds
79,Namibe,AO,-15.1961,12.1522,65.21,83,0,5.68,clear sky
80,Pizhma,RU,57.8642,47.1171,64.87,88,14,2.71,few clouds
81,Tasiilaq,GL,65.6145,-37.6368,41.16,81,100,5.7,overcast clouds
82,Andenes,NO,69.3143,16.1194,51.93,87,100,9.22,overcast clouds
83,Luganville,VU,-15.5333,167.1667,82.45,77,95,10.89,moderate rain
84,Butaritari,KI,3.0707,172.7902,82.44,75,94,21.32,light rain
85,Qaanaaq,GL,77.484,-69.3632,40.06,95,100,1.68,overcast clouds
86,Vaini,TO,-21.2,-175.2,77.16,69,40,6.91,scattered clouds
87,Katsuura,JP,35.1333,140.3,76.55,82,93,13.82,overcast clouds
88,Kadoshkino,RU,54.0257,44.4191,60.42,78,30,5.08,scattered clouds
89,Norman Wells,CA,65.282,-126.8329,86.04,28,40,8.05,smoke
90,Bethel,US,41.3712,-73.414,75.54,79,53,4.61,broken clouds
91,Mandan,US,46.8267,-100.8896,82.81,66,0,1.99,clear sky
92,Fort Myers Beach,US,26.452,-81.9481,82.45,88,0,1.01,clear sky
93,Jumla,NP,29.2747,82.1838,69.66,79,54,2.66,broken clouds
94,Kulhudhuffushi,MV,6.6221,73.07,82.35,79,100,16.28,overcast clouds
95,Ozinki,RU,51.1786,49.6769,62.01,65,6,5.99,clear sky
96,Roald,NO,62.5833,6.1333,53.76,87,75,9.22,light rain
97,Broken Hill,AU,-31.95,141.4333,53.29,61,2,14.7,clear sky
98,Oranjemund,NA,-28.55,16.4333,51.96,75,0,6.44,clear sky
99,Westminster,US,39.8367,-105.0372,69.66,77,40,6.91,scattered clouds
100,Atar,MR,20.5169,-13.0499,95.59,15,59,3.18,broken clouds
101,Severo-Kurilsk,RU,50.6789,156.125,56.52,64,100,10.27,overcast clouds
102,Queanbeyan,AU,-35.35,149.2333,58.17,70,5,9.22,clear sky
103,Carnarvon,AU,-24.8667,113.6333,66.78,25,0,10.76,clear sky
104,Busselton,AU,-33.65,115.3333,52.77,82,100,10.67,overcast clouds
105,Ambulu,ID,-8.345,113.6058,79.09,68,37,3.15,scattered clouds
106,Hermanus,ZA,-34.4187,19.2345,52.74,71,10,8.59,clear sky
107,Martapura,ID,-3.4167,114.85,80.69,83,40,6.91,scattered clouds
108,Zhigansk,RU,66.7697,123.3711,65.34,47,100,9.82,overcast clouds
109,Coquimbo,CL,-29.9533,-71.3436,53.33,82,0,10.36,clear sky
110,Mezhdurechensk,RU,53.6942,88.0603,57.58,99,100,3.85,light rain
111,Lata,PT,40.1629,-8.3327,67.08,67,0,4.61,clear sky
112,Vila Franca Do Campo,PT,37.7167,-25.4333,68.2,77,69,6.8,broken clouds
113,Dauphin,CA,51.1494,-100.0502,66.34,100,100,6.91,overcast clouds
114,Mount Gambier,AU,-37.8333,140.7667,52.95,63,72,10.07,broken clouds
115,Knokke-Heist,BE,51.3333,3.3333,66.02,72,85,5.01,overcast clouds
116,Conceicao Do Araguaia,BR,-8.2578,-49.2647,76.14,45,50,3.42,scattered clouds
117,Sur,OM,22.5667,59.5289,80.6,85,100,13.65,moderate rain
118,Shingu,JP,33.7333,135.9833,80.19,77,67,5.23,broken clouds
119,Alofi,NU,-19.0595,-169.9187,78.69,61,75,16.11,broken clouds
120,Bandarbeyla,SO,9.4942,50.8122,78.57,64,43,33.67,scattered clouds
121,Chuy,UY,-33.6971,-53.4616,59.88,98,100,10.58,overcast clouds
122,Guerrero Negro,MX,27.9769,-114.0611,68.65,80,0,17.4,clear sky
123,Yeppoon,AU,-23.1333,150.7333,67.78,55,0,9.8,clear sky
124,Dzerzhinsk,RU,56.2389,43.4631,66.02,88,0,4.47,clear sky
125,The Pas,CA,53.8251,-101.2541,66.22,52,0,3.44,clear sky
126,Ilulissat,GL,69.2167,-51.1,37.67,90,100,4.72,overcast clouds
127,Yatou,CN,37.15,122.3833,76.62,90,99,14.14,overcast clouds
128,Aklavik,CA,68.2191,-135.0107,87.15,27,6,7.99,clear sky
129,Sheltozero,RU,61.3667,35.3667,57.61,89,100,7.29,light rain
130,Bengkulu,ID,-3.8004,102.2655,82.09,73,32,4.94,scattered clouds
131,Bubaque,GW,11.2833,-15.8333,80.49,80,51,11.81,broken clouds
132,Cape Town,ZA,-33.9258,18.4232,57.38,78,40,3.44,scattered clouds
133,Clinton,US,42.587,-82.9199,73.22,73,100,1.01,overcast clouds
134,Solnechnyy,RU,50.7214,136.6319,88.86,46,29,12.3,scattered clouds
135,Esperance,AU,-33.8667,121.9,56.91,81,86,14.14,overcast clouds
136,Solwezi,ZM,-12.1688,26.3894,48.61,72,0,3.24,clear sky
137,Dongying,CN,37.4564,118.4856,85.17,60,0,12.44,clear sky
138,Ponta Do Sol,PT,32.6667,-17.1,69.01,75,0,3.62,clear sky
139,Srednekolymsk,RU,67.45,153.6833,61.86,39,99,11.65,overcast clouds
140,Akhtubinsk,RU,48.2795,46.1722,66.13,43,0,4.27,clear sky
141,San Quintin,MX,30.4833,-115.95,67.96,80,31,16.4,scattered clouds
142,Pineto,IT,42.6097,14.066,76.08,58,75,6.53,broken clouds
143,Chumikan,RU,54.7183,135.315,70.3,74,50,9.35,scattered clouds
144,Orlik,RU,52.5178,99.825,56.07,66,100,3.44,overcast clouds
145,Moussoro,TD,13.6408,16.4901,83.84,55,8,10.58,clear sky
146,Bairiki,KI,1.3292,172.9752,87.8,66,75,16.11,broken clouds
147,Arraial Do Cabo,BR,-22.9661,-42.0278,70.09,86,0,24.11,clear sky
148,Barrow,US,71.2906,-156.7887,47.79,83,100,10.47,overcast clouds
149,Mawlaik,MM,23.6333,94.4167,85.78,71,2,1.63,clear sky
150,Tuktoyaktuk,CA,69.4541,-133.0374,69.8,52,20,8.05,few clouds
151,Bogorodskoye,RU,56.55,37.8833,64.71,94,99,7.87,light rain
152,Emilio Carranza,MX,19.9711,-96.6114,79.79,82,37,7.45,scattered clouds
153,Mana,GF,5.6592,-53.7767,77.41,83,86,9.08,overcast clouds
154,Juneau,US,58.3019,-134.4197,68.85,75,98,1.36,overcast clouds
155,Cherskiy,RU,68.75,161.3,56.46,48,96,8.32,overcast clouds
156,Melilla,ES,35.2937,-2.9383,73.78,94,75,3.44,broken clouds
157,Hambantota,LK,6.1241,81.1185,82.74,74,20,9.22,few clouds
158,Port Alfred,ZA,-33.5906,26.891,59.67,72,0,8.55,clear sky
159,Thompson,CA,55.7435,-97.8558,69.96,43,100,9.22,overcast clouds
160,Soroti,UG,1.7146,33.6111,61.57,77,17,4.12,few clouds
161,Willowmore,ZA,-33.2926,23.4895,45.36,61,0,5.64,clear sky
162,Bosansko Grahovo,BA,44.1794,16.3639,61.65,57,0,6.31,clear sky
163,Isangel,VU,-19.55,169.2667,84.31,70,75,5.75,broken clouds
164,Bundaberg,AU,-24.85,152.35,69.22,67,1,5.01,clear sky
165,Edgewater,US,28.9889,-80.9023,80.1,83,7,9.13,clear sky
166,Skegness,GB,53.1436,0.3363,62.67,75,100,17.0,overcast clouds
167,Kijang,KR,35.2442,129.2139,85.73,77,96,11.41,overcast clouds
168,Dong Xoai,VN,11.5333,106.9167,81.46,87,100,5.32,overcast clouds
169,Saldanha,ZA,-33.0117,17.9442,41.05,85,4,9.26,clear sky
170,Rocky Mount,US,35.9382,-77.7905,82.11,83,40,6.91,light rain
171,Ballina,AU,-28.8667,153.5667,70.79,74,99,11.59,overcast clouds
172,Mecca,SA,21.4267,39.8261,85.8,26,100,5.99,overcast clouds
173,Benidorm,ES,38.5382,-0.131,76.48,73,0,5.99,clear sky
174,Saint-Louis,SN,16.3333,-15.0,78.93,65,0,15.9,clear sky
175,Fengzhen,CN,40.4394,113.1536,80.02,28,0,6.42,clear sky
176,Boulder,US,40.0833,-105.3505,63.21,85,0,8.05,clear sky
177,Mayumba,GA,-3.432,10.6554,70.02,89,99,4.12,overcast clouds
178,Mezen,RU,65.8522,44.24,61.52,74,100,5.37,overcast clouds
179,Upernavik,GL,72.7868,-56.1549,40.28,83,7,1.34,clear sky
180,Weinan,CN,34.5036,109.5089,90.9,39,0,4.5,clear sky
181,Araouane,ML,18.9048,-3.5265,95.45,21,37,9.82,scattered clouds
182,Xuanzhou,CN,30.9525,118.7553,90.54,64,14,6.98,few clouds
183,Goderich,CA,43.7501,-81.7165,65.91,88,8,11.43,clear sky
184,Kutum,SD,14.2,24.6667,80.13,42,43,6.78,scattered clouds
185,Elblag,PL,54.1522,19.4088,57.94,91,48,7.54,scattered clouds
186,Darhan,MN,49.4867,105.9228,62.01,81,100,9.4,overcast clouds
187,Port-Gentil,GA,-0.7193,8.7815,72.82,86,51,12.93,broken clouds
188,Natal,BR,-5.795,-35.2094,73.62,100,75,9.22,moderate rain
189,Haines Junction,CA,60.7522,-137.5108,77.22,34,43,7.99,scattered clouds
190,Donegal,IE,54.65,-8.1167,56.16,92,99,6.67,overcast clouds
191,Suluq,LY,31.6682,20.2521,77.59,74,0,7.83,clear sky
192,Faanui,PF,-16.4833,-151.75,79.07,65,10,8.25,clear sky
193,Mathbaria,BD,22.2876,89.9593,82.62,83,98,6.62,overcast clouds
194,Lisa,RO,43.8,25.1333,66.31,77,75,6.22,broken clouds
195,Luderitz,NA,-26.6481,15.1594,54.64,61,0,8.95,clear sky
196,Huron,US,41.1501,-82.5499,71.04,90,25,7.63,scattered clouds
197,Saint-Philippe,RE,-21.3585,55.7679,66.22,73,68,10.65,broken clouds
198,Mayo,US,38.8876,-76.5119,80.55,88,100,6.91,light rain
199,Yanam,IN,16.7333,82.2167,80.53,84,100,6.76,overcast clouds
200,Kathu,TH,7.9178,98.3332,84.02,99,78,8.25,broken clouds
201,Cidreira,BR,-30.1811,-50.2056,64.02,88,100,3.65,overcast clouds
202,Longyearbyen,SJ,78.2186,15.6401,40.84,60,0,18.41,clear sky
203,Shimoda,JP,34.6667,138.95,83.1,84,100,6.96,overcast clouds
204,Olinda,BR,-8.0089,-34.8553,75.94,85,9,12.55,clear sky
205,Termiz,UZ,37.2242,67.2783,73.49,28,0,9.22,clear sky
206,Alyangula,AU,-13.8483,136.4192,73.92,57,28,12.84,scattered clouds
207,Ponta Delgada,PT,37.7333,-25.6667,68.5,72,66,7.2,broken clouds
208,Sao Filipe,CV,14.8961,-24.4956,75.04,85,91,8.3,overcast clouds
209,Coyotepec,MX,19.775,-99.2072,65.32,62,100,8.84,overcast clouds
210,San Vicente,AR,-26.6167,-54.1333,63.64,62,100,6.71,overcast clouds
211,Dargaville,NZ,-35.9333,173.8833,58.6,95,100,11.9,light rain
212,Kapit,MY,2.0167,112.9333,87.3,60,33,2.08,scattered clouds
213,Itarema,BR,-2.9248,-39.9167,77.94,80,33,13.13,scattered clouds
214,Lompoc,US,34.6391,-120.4579,74.01,75,0,13.0,clear sky
215,Ribeira Grande,PT,38.5167,-28.7,66.18,81,100,14.79,overcast clouds
216,Kamenka,RU,51.3223,42.7678,58.87,68,3,6.06,clear sky
217,Pangnirtung,CA,66.1451,-65.7125,44.47,79,94,3.0,overcast clouds
218,Tuatapere,NZ,-46.1333,167.6833,46.99,69,100,5.26,overcast clouds
219,Pisco,PE,-13.7,-76.2167,60.03,83,7,2.82,clear sky
220,Labuhan,ID,-6.8844,112.2051,80.1,76,66,8.28,broken clouds
221,Guanajuato,MX,21.0186,-101.2591,65.19,58,3,20.15,clear sky
222,Presidencia Roque Saenz Pena,AR,-26.7852,-60.4388,69.26,74,85,2.59,overcast clouds
223,Okha,RU,53.5739,142.9478,77.0,61,79,13.58,broken clouds
224,Vostok,RU,46.4856,135.8833,84.27,53,77,2.26,broken clouds
225,Poso,ID,-1.3959,120.7524,81.07,79,97,1.9,overcast clouds
226,Hasaki,JP,35.7333,140.8333,73.8,84,13,18.59,few clouds
227,Mnogovershinnyy,RU,53.9353,139.9242,83.91,52,74,8.05,broken clouds
228,Vieques,PR,18.425,-65.8329,80.11,83,100,11.01,overcast clouds
229,Purpe,RU,64.4803,76.6897,63.61,60,14,8.59,few clouds
230,Hamilton,US,39.1834,-84.5333,76.32,95,75,8.05,mist
231,Mataura,NZ,-46.1927,168.8643,46.47,66,100,3.91,overcast clouds
232,Pliska,BG,43.3667,27.1167,62.94,83,61,6.35,broken clouds
233,Arlit,NE,18.7369,7.3853,89.08,12,7,10.6,clear sky
234,Acapulco,MX,16.8634,-99.8901,80.73,81,100,4.07,overcast clouds
235,Dromolaxia,CY,34.8761,33.586,78.98,92,40,3.44,scattered clouds
236,Les Cayes,HT,18.2,-73.75,77.63,83,5,3.36,clear sky
237,Lebu,CL,-37.6167,-73.65,46.8,77,86,6.15,overcast clouds
238,Carbonia,IT,39.1672,8.5222,75.0,54,49,7.43,scattered clouds
239,Carutapera,BR,-1.195,-46.02,73.31,93,15,4.94,few clouds
240,Rosarito,MX,32.3333,-117.0333,76.62,73,14,13.33,few clouds
241,Manta,EC,-0.95,-80.7333,69.58,88,75,9.22,broken clouds
242,Luanda,AO,-8.8368,13.2343,65.97,92,9,6.2,clear sky
243,Radomsko,PL,51.0671,19.4448,55.51,73,10,6.35,clear sky
244,Pampa,US,35.5362,-100.9599,79.2,73,40,8.05,light intensity drizzle
245,Klaksvik,FO,62.2266,-6.589,45.52,84,99,9.93,overcast clouds
246,Taywarah,AF,33.35,64.4167,63.81,32,100,4.25,overcast clouds
247,Batagay-Alyta,RU,67.8006,130.4114,61.11,57,100,3.15,overcast clouds
248,Lock Haven,US,41.137,-77.4469,74.91,79,24,5.08,few clouds
249,Lavrentiya,RU,65.5833,-171.0,50.2,83,100,5.17,overcast clouds
250,Ixtapa,MX,20.7,-105.2,83.23,83,75,0.0,broken clouds
251,Klyuchi,RU,52.2667,79.1667,66.81,59,61,2.57,broken clouds
252,Angoche,MZ,-16.2325,39.9086,71.4,75,32,5.5,light rain
253,Nhulunbuy,AU,-12.2333,136.7667,79.41,61,75,14.97,broken clouds
254,Nikolskoye,RU,59.7035,30.7861,60.8,93,100,2.8,overcast clouds
255,Shache,CN,38.4167,77.2406,84.47,21,0,11.34,clear sky
256,Diamantino,BR,-14.4086,-56.4461,68.34,51,0,3.98,clear sky
257,Saint George,US,37.1041,-113.5841,97.63,11,0,14.97,clear sky
258,Bras-Panon,RE,-20.9967,55.6782,67.89,74,21,12.41,few clouds
259,Muroto,JP,33.2833,134.15,79.39,82,100,7.87,overcast clouds
260,Takoradi,GH,4.8845,-1.7554,75.63,89,93,6.67,overcast clouds
261,Angoram,PG,-4.0625,144.0661,87.55,62,100,3.18,overcast clouds
262,Kruisfontein,ZA,-34.0033,24.7314,53.58,59,0,7.52,clear sky
263,Mehamn,NO,71.0357,27.8492,53.55,87,75,0.0,broken clouds
264,Souillac,MU,-20.5167,57.5167,68.86,72,100,14.81,overcast clouds
265,Oktyabrskiy,RU,54.4815,53.471,60.93,93,8,3.44,clear sky
266,Chernyshevskiy,RU,63.0128,112.4714,69.1,39,80,8.16,broken clouds
267,Alghero,IT,40.5589,8.3181,69.89,88,20,2.3,few clouds
268,Russell,US,32.3502,-85.1999,86.0,63,82,3.31,broken clouds
269,Bogale,MM,16.2833,95.4,83.08,80,96,5.55,overcast clouds
270,Istok,XK,42.7808,20.4875,60.21,68,0,5.3,clear sky
271,Preobrazheniye,RU,42.9019,133.9064,68.38,84,98,5.32,overcast clouds
272,Noumea,NC,-22.2763,166.4572,91.38,99,96,1.7,overcast clouds
273,Marsh Harbour,BS,26.5412,-77.0636,82.06,72,32,10.92,scattered clouds
274,Mangochi,MW,-14.4782,35.2645,64.38,74,39,7.38,scattered clouds
275,Kahului,US,20.8947,-156.47,84.22,62,40,25.32,scattered clouds
276,Dingle,PH,10.9995,122.6711,83.17,79,97,4.47,overcast clouds
277,Kapaa,US,22.0752,-159.319,82.38,82,100,3.0,light rain
278,Lagos,NG,6.5833,3.75,75.13,93,99,3.8,overcast clouds
279,Clyde River,CA,70.4692,-68.5914,44.26,63,99,2.57,overcast clouds
280,Tshane,BW,-24.0196,21.8684,53.26,46,0,6.04,clear sky
281,Vila Velha,BR,-20.3297,-40.2925,71.55,89,20,4.61,few clouds
282,Saint-Pierre,RE,-21.3393,55.4781,67.91,69,28,11.77,scattered clouds
283,Maxixe,MZ,-23.8597,35.3472,61.14,80,0,2.98,clear sky
284,Moss Vale,AU,-34.55,150.3833,56.16,86,90,5.95,overcast clouds
285,Qandala,SO,11.472,49.8728,85.86,52,81,16.58,broken clouds
286,Safaga,EG,26.7292,33.9365,85.15,32,0,14.34,clear sky
287,Sao Joao Batista,BR,-27.2761,-48.8494,69.12,98,100,2.98,overcast clouds
288,Hami,CN,42.8,93.45,82.49,21,0,10.92,clear sky
289,Bowen,AU,-20.0167,148.2333,67.73,50,0,8.25,clear sky
290,Barranca,PE,-10.75,-77.7667,61.05,81,76,4.47,broken clouds
291,Kavaratti,IN,10.5669,72.642,81.28,83,100,18.92,overcast clouds
292,Baykit,RU,61.67,96.37,60.62,90,100,1.77,overcast clouds
293,Jaciara,BR,-15.9653,-54.9683,67.1,44,2,2.48,clear sky
294,Callaguip,PH,18.0714,120.4867,87.82,74,75,6.91,broken clouds
295,Hidalgotitlan,MX,17.7833,-94.6333,76.1,94,100,4.68,overcast clouds
296,Bela,IN,25.9333,81.9833,90.46,55,25,14.23,scattered clouds
297,Nouadhibou,MR,20.931,-17.0347,69.82,77,0,26.64,clear sky
298,Teplyk,UA,48.6657,29.745,58.66,88,34,12.5,scattered clouds
299,Fortuna,US,40.5982,-124.1573,63.93,84,100,1.99,overcast clouds
300,Half Moon Bay,US,37.4636,-122.4286,74.05,76,100,12.66,overcast clouds
301,Matara,LK,5.9485,80.5353,78.49,87,100,9.15,overcast clouds
302,Madingou,CG,-4.1536,13.55,68.47,78,21,2.08,few clouds
303,Turbat,PK,26.0023,63.044,89.71,60,98,9.66,light rain
304,Poum,NC,-20.2333,164.0167,77.4,88,93,21.54,overcast clouds
305,Soeng Sang,TH,14.4264,102.4606,82.62,72,100,7.9,overcast clouds
306,Itoman,JP,26.1247,127.6694,88.57,77,75,10.36,broken clouds
307,Arcata,US,40.8665,-124.0828,70.66,83,100,3.44,overcast clouds
308,Leningradskiy,RU,69.3833,178.4167,34.88,91,100,12.88,overcast clouds
309,Pagudpud,PH,18.5616,120.7868,87.35,66,29,2.53,scattered clouds
310,Seoul,KR,37.5683,126.9778,88.99,56,100,11.25,light rain
311,Naryan-Mar,RU,67.6713,53.087,64.04,75,8,12.8,clear sky
312,Taunton,GB,51.0211,-3.1047,63.88,87,9,4.0,clear sky
313,Tiksi,RU,71.6872,128.8694,41.76,75,100,3.53,overcast clouds
314,San Fernando,PH,15.0286,120.6898,87.53,76,96,4.52,overcast clouds
315,Port Lincoln,AU,-34.7333,135.8667,55.98,65,100,11.79,overcast clouds
316,Yumbe,UG,3.4651,31.2469,64.76,76,45,2.95,scattered clouds
317,Djibo,BF,14.1022,-1.6306,87.08,53,32,13.62,scattered clouds
318,Zwedru,LR,6.0667,-8.1281,70.72,98,100,2.55,overcast clouds
319,Rio Gallegos,AR,-51.6226,-69.2181,17.65,100,20,3.44,fog
320,Lakes Entrance,AU,-37.8811,147.981,53.17,69,85,11.34,overcast clouds
321,Acari,PE,-15.4311,-74.6158,62.55,80,36,1.32,scattered clouds
322,Olafsvik,IS,64.8945,-23.7142,52.45,95,100,26.15,overcast clouds
323,Horconcitos,PA,8.4682,-81.8007,68.36,95,100,4.76,overcast clouds
324,Banjar,ID,-8.19,114.9675,82.2,59,92,3.62,overcast clouds
325,Manzhouli,CN,49.6,117.4333,76.64,38,65,12.35,broken clouds
326,Verkhnyaya Toyma,RU,62.2349,44.9985,61.92,68,93,0.96,overcast clouds
327,Bella Union,UY,-30.2752,-57.6007,68.68,68,100,14.72,overcast clouds
328,Vallenar,CL,-28.5708,-70.7581,59.58,31,9,4.18,clear sky
329,Jieshi,CN,22.8134,115.8257,81.88,81,100,7.87,overcast clouds
330,Taltal,CL,-25.4,-70.4833,58.95,65,6,4.68,clear sky
331,Erzincan,TR,39.75,39.5,56.5,67,0,2.3,clear sky
332,Hofn,IS,64.2539,-15.2082,50.16,99,100,12.55,overcast clouds
333,Nueva Gerona,CU,21.8833,-82.8,82.02,73,31,5.19,scattered clouds
334,Tuy Hoa,VN,13.0833,109.3,88.66,62,100,12.37,overcast clouds
335,Marrakesh,MA,31.6315,-8.0083,80.67,47,0,2.3,clear sky
336,Gawan,IN,28.4333,78.35,94.01,45,79,14.5,broken clouds
337,Grindavik,IS,63.8424,-22.4338,52.27,100,100,27.63,mist
338,Georgetown,MY,5.4112,100.3354,86.9,77,20,0.0,few clouds
339,Huntington,US,38.4193,-82.4452,73.35,96,0,0.0,clear sky
340,Portree,GB,57.4129,-6.1942,52.52,96,77,2.13,broken clouds
341,Vardo,NO,70.3705,31.1107,51.78,82,17,6.91,few clouds
342,Port Hedland,AU,-20.3167,118.5667,71.65,14,15,18.41,few clouds
343,Kirksville,US,40.1948,-92.5833,76.05,94,75,3.44,broken clouds
344,Stepnyak,KZ,52.8339,70.7803,57.33,79,16,6.35,few clouds
345,Lagoa,PT,39.05,-27.9833,64.89,78,92,10.54,overcast clouds
346,Nuuk,GL,64.1835,-51.7216,47.01,93,75,4.61,broken clouds
347,Bilma,NE,18.6853,12.9164,87.35,16,0,12.5,clear sky
348,Mandalgovi,MN,45.7625,106.2708,67.68,48,99,13.85,overcast clouds
349,Port Blair,IN,11.6667,92.75,82.96,79,100,13.82,moderate rain
350,Salalah,OM,17.0151,54.0924,78.04,94,100,13.42,light rain
351,Auki,SB,-8.7676,160.7034,84.65,67,68,4.54,broken clouds
352,Mackay,AU,-21.15,149.2,68.68,53,0,4.59,clear sky
353,Codrington,AU,-38.2667,141.9667,55.02,62,40,17.65,scattered clouds
354,Podporozhye,RU,60.9112,34.1706,56.66,92,100,3.91,light rain
355,Borba,BR,-4.3878,-59.5939,75.7,79,57,2.24,broken clouds
356,Pitimbu,BR,-7.4706,-34.8086,73.99,86,68,13.42,moderate rain
357,Pacifica,US,37.6138,-122.4869,72.28,82,40,12.66,scattered clouds
358,Ganzhou,CN,28.8184,115.4327,84.56,80,82,8.34,broken clouds
359,Adamas,GR,36.7333,24.4333,75.29,70,0,9.84,clear sky
360,Havre-Saint-Pierre,CA,50.2334,-63.5986,56.44,64,82,6.96,broken clouds
361,Yangambi,CD,0.8102,24.4336,71.44,79,18,1.32,few clouds
362,Sheridan,US,44.8333,-106.9173,75.58,39,0,0.0,clear sky
363,Faya,SA,18.3851,42.4509,64.92,28,99,3.31,overcast clouds
364,Castro,BR,-24.7911,-50.0119,55.04,71,100,3.2,overcast clouds
365,Kirakira,SB,-10.4544,161.9205,82.83,76,96,10.98,overcast clouds
366,Jackson,US,42.4165,-122.8345,78.15,51,75,16.11,broken clouds
367,Zhangye,CN,38.9342,100.4517,77.97,23,2,15.32,clear sky
368,Venice,US,27.0998,-82.4543,81.99,93,20,4.61,few clouds
369,Ulladulla,AU,-35.35,150.4667,59.36,66,68,11.61,broken clouds
370,Asau,RO,46.4333,26.4,59.92,97,100,3.53,overcast clouds
371,Cimarron Hills,US,38.8586,-104.6989,66.47,80,75,9.22,broken clouds
372,Derzhavinsk,KZ,51.1,66.3167,59.86,72,100,13.22,overcast clouds
373,Great Yarmouth,GB,52.6083,1.7305,63.45,84,100,19.04,overcast clouds
374,Comodoro Rivadavia,AR,-45.8667,-67.5,39.06,70,0,19.57,clear sky
375,Lorengau,PG,-2.0226,147.2712,83.66,75,100,9.95,overcast clouds
376,Azare,NG,11.6765,10.1948,80.19,63,66,9.35,broken clouds
377,Whitehorse,CA,60.7161,-135.0538,79.11,39,75,11.01,thunderstorm with light rain
378,Provideniya,RU,64.3833,-173.3,50.11,87,100,11.18,overcast clouds
379,Lyubech,UA,51.7026,30.6569,55.81,96,90,9.71,overcast clouds
380,Lundazi,ZM,-12.2929,33.1782,56.14,70,10,5.61,clear sky
381,Constitucion,CL,-35.3333,-72.4167,47.86,82,20,3.96,few clouds
382,Moranbah,AU,-22.0016,148.0466,65.16,47,0,8.01,clear sky
383,Nanortalik,GL,60.1432,-45.2371,43.9,94,100,11.7,light rain
384,Piacabucu,BR,-10.4056,-36.4344,73.58,88,23,11.88,few clouds
385,Torbay,CA,47.6666,-52.7314,61.29,91,100,14.97,light rain
386,Ikom,NG,5.9667,8.7063,72.37,98,84,2.04,broken clouds
387,Lima,PE,-12.0432,-77.0282,58.89,87,100,6.91,overcast clouds
388,Beringovskiy,RU,63.05,179.3167,48.61,79,77,6.67,broken clouds
389,Kenora,CA,49.8167,-94.4337,72.57,64,75,6.91,broken clouds
390,Benghazi,LY,32.1167,20.0667,79.39,81,0,8.95,clear sky
391,Nome,US,64.5011,-165.4064,64.17,63,100,3.44,light rain
392,Senno,RU,59.5336,33.9167,56.26,99,100,4.72,moderate rain
393,Basco,PH,20.4487,121.9702,84.61,78,36,14.34,scattered clouds
394,Omsukchan,RU,62.5333,155.8,85.6,42,30,10.36,scattered clouds
395,Husavik,IS,66.0449,-17.3389,54.77,84,100,9.66,light rain
396,Chifeng,CN,42.2683,118.9636,80.51,52,0,5.88,clear sky
397,Balikpapan,ID,-1.2675,116.8289,81.59,78,20,5.75,moderate rain
398,Portland,US,45.5234,-122.6762,75.27,69,75,8.05,broken clouds
399,Skagen,DK,57.7209,10.5839,60.35,87,99,20.2,overcast clouds
400,Omboue,GA,-1.5746,9.2618,70.39,89,47,6.67,scattered clouds
401,Paombong,PH,14.8333,120.7833,87.58,78,96,3.15,overcast clouds
402,Kez,RU,57.8979,53.7152,61.7,89,80,4.45,broken clouds
403,Waingapu,ID,-9.6567,120.2641,78.17,53,69,9.82,broken clouds
404,Wodonga,AU,-36.1167,146.8833,51.28,100,0,4.79,clear sky
405,Benguela,AO,-12.5763,13.4055,66.51,88,1,0.63,clear sky
406,Ouadda,CF,8.0777,22.4007,66.27,96,39,2.3,scattered clouds
407,Amarillo,US,35.222,-101.8313,80.38,54,0,10.36,clear sky
408,Robertsport,LR,6.7533,-11.3686,77.65,83,66,8.12,light rain
409,Ontario,US,34.0633,-117.6509,88.39,50,0,16.11,clear sky
410,Botro,CI,7.8525,-5.3106,71.08,98,100,4.18,light rain
411,Galle,LK,6.0367,80.217,78.93,87,100,10.42,light rain
412,Grand Gaube,MU,-20.0064,57.6608,69.39,61,87,1.99,overcast clouds
413,Pampierstad,ZA,-27.7832,24.6877,44.6,36,0,2.1,clear sky
414,Ustka,PL,54.5805,16.8619,55.65,79,92,11.36,overcast clouds
415,Plettenberg Bay,ZA,-34.0527,23.3716,55.99,58,0,5.14,clear sky
416,Kismayo,SO,-0.3582,42.5454,76.14,79,94,19.84,overcast clouds
417,Ambovombe,MG,-25.1667,46.0833,63.46,73,0,2.8,clear sky
418,Balabac,PH,7.9868,117.0645,80.78,80,100,5.06,overcast clouds
419,Chicama,PE,-7.8447,-79.1469,59.54,84,20,5.19,few clouds
420,Marsa Matruh,EG,31.3525,27.2453,75.22,71,0,9.04,clear sky
421,Fayaoue,NC,-20.65,166.5333,77.86,81,100,10.96,overcast clouds
422,Miyako,JP,39.6367,141.9525,70.97,90,98,7.36,overcast clouds
423,Filadelfia,US,39.9523,-75.1638,80.85,66,100,8.05,overcast clouds
424,Krasnozavodsk,RU,56.45,38.2167,63.86,96,98,6.53,light rain
425,Kaeo,NZ,-35.1,173.7833,61.32,97,100,9.73,light rain
426,Buraydah,SA,26.326,43.975,80.87,17,8,8.3,clear sky
427,Chakulia,IN,22.4833,86.7167,84.49,74,73,6.46,broken clouds
428,Katherine,AU,-14.4667,132.2667,71.92,30,47,14.97,scattered clouds
429,Belaya Gora,RU,68.5333,146.4167,60.3,50,100,13.87,overcast clouds
430,Yarada,IN,17.65,83.2667,83.5,73,98,4.03,overcast clouds
431,Pacific Grove,US,36.6177,-121.9166,74.21,84,0,9.22,clear sky
432,Harbour Breton,CA,47.4833,-55.7983,56.79,95,100,15.66,overcast clouds
433,Gotsu,JP,35.0,132.2167,82.94,69,100,4.74,overcast clouds
434,Sorland,NO,67.667,12.6934,51.66,74,100,13.67,overcast clouds
435,Tautira,PF,-17.7333,-149.15,77.77,75,3,10.83,light rain
436,Sokoni,TZ,-6.4333,39.55,76.28,79,6,17.31,light rain
437,Svetlyy,RU,54.675,20.1347,57.25,85,79,12.17,broken clouds
438,El Dorado,US,38.7666,-120.5177,76.64,62,0,1.99,clear sky
439,Gonaives,HT,19.45,-72.6833,78.4,81,7,6.11,clear sky
440,Pevek,RU,69.7008,170.3133,33.82,86,41,11.05,scattered clouds
441,Edd,ER,13.9297,41.6925,91.65,41,100,4.83,overcast clouds
442,Pangai,TO,-19.8,-174.35,75.22,64,11,18.37,few clouds
443,Maningrida,AU,-12.0667,134.2667,78.33,37,63,11.59,broken clouds
444,Porto Novo,BJ,6.4965,2.6036,75.2,93,60,5.79,light rain
445,Kadi,IN,23.3,72.3333,82.87,78,100,4.99,overcast clouds
446,San Ramon,US,37.7799,-121.978,73.53,68,0,18.41,clear sky
447,Lodwar,KE,3.1191,35.5973,78.76,54,100,11.07,light rain
448,Darnah,LY,32.767,22.6367,78.48,79,0,15.61,clear sky
449,Ostrovnoy,RU,68.0531,39.5131,58.89,73,6,10.4,clear sky
450,Cairns,AU,-16.9167,145.7667,76.1,69,0,6.51,clear sky
451,Tiznit,MA,29.5833,-9.5,77.99,40,3,2.26,clear sky
452,Sarangani,PH,5.4033,125.4636,84.07,74,99,14.09,overcast clouds
453,Sola,VU,-13.8833,167.55,80.87,76,100,17.34,overcast clouds
454,Dubno,UA,50.4169,25.7343,53.89,93,100,4.83,overcast clouds
455,Khovu-Aksy,RU,51.1333,93.6,59.36,65,98,3.76,overcast clouds
456,Canandaigua,US,42.8742,-77.288,65.86,83,49,0.65,scattered clouds
457,Olovyannaya,RU,50.95,115.5667,72.37,44,9,14.34,clear sky
458,Goya,AR,-29.14,-59.2626,67.44,89,64,5.55,broken clouds
459,Jasper,US,37.2001,-94.3502,90.1,57,20,6.91,few clouds
460,Salmas,IR,38.1973,44.7653,60.28,53,51,3.36,broken clouds
461,Buchanan,LR,5.8808,-10.0467,76.44,86,74,6.42,light rain
462,La Asuncion,VE,11.0333,-63.8628,79.16,83,100,17.16,overcast clouds
463,Kidal,ML,18.4411,1.4078,86.92,36,31,5.44,scattered clouds
464,Guiratinga,BR,-16.3494,-53.7583,65.34,43,3,4.7,clear sky
465,Urucara,BR,-2.5364,-57.76,76.23,81,58,1.95,broken clouds
466,Waddan,LY,29.1614,16.139,76.89,53,0,7.38,clear sky
467,Madras,IN,13.0878,80.2785,81.97,84,100,3.0,overcast clouds
468,Dukat,RU,62.55,155.55,83.14,45,47,14.5,scattered clouds
469,Talnakh,RU,69.4865,88.3972,49.33,81,94,13.35,overcast clouds
470,Mahon,ES,39.8885,4.2658,73.96,78,0,12.66,clear sky
471,Okato,NZ,-39.2,173.8833,59.18,78,100,8.99,light rain
472,Manggar,ID,-2.8833,108.2667,84.74,67,7,5.53,clear sky
473,Hounde,BF,11.5,-3.5167,77.32,77,100,5.59,overcast clouds
474,Sompeta,IN,18.9333,84.6,84.07,79,100,6.31,light rain
475,Spokane,US,47.6166,-117.3677,81.07,47,20,10.36,few clouds
476,Caibarien,CU,22.5206,-79.4669,79.92,77,10,11.41,clear sky
477,Deputatskiy,RU,69.3,139.9,43.36,93,100,3.33,light rain
478,Ambon,ID,-3.6954,128.1814,81.23,13,40,0.0,scattered clouds
479,Uchkent,RU,43.1143,47.0826,66.09,66,0,10.25,clear sky
480,Itum-Kale,RU,42.7356,45.5758,58.69,77,3,7.83,clear sky
481,Vila Do Maio,CV,15.1333,-23.2167,73.96,86,100,14.36,overcast clouds
482,Henties Bay,NA,-22.116,14.2845,56.17,82,0,7.87,clear sky
483,Dunedin,NZ,-45.8742,170.5036,46.8,75,100,3.0,overcast clouds
484,Las Varas,MX,21.1667,-105.1667,81.03,83,66,1.25,broken clouds
485,Tecoanapa,MX,16.5167,-98.75,81.97,73,100,3.53,overcast clouds
486,Hidalgo,MX,20.5,-99.0,62.37,78,0,6.91,clear sky
487,Straumen,NO,63.8709,11.2999,50.0,93,100,9.91,light rain
488,Hadejia,NG,12.4498,10.0444,84.6,53,50,11.61,scattered clouds
489,Ankazoabo,MG,-22.2833,44.5167,58.24,70,0,5.5,clear sky
490,Topolobampo,MX,25.6,-109.05,85.91,58,40,8.05,scattered clouds
491,Hay River,CA,60.8156,-115.7999,71.42,38,63,6.4,broken clouds
492,Nicoya,CR,10.1483,-85.452,75.02,92,100,3.09,overcast clouds
493,Cedar City,US,37.6775,-113.0619,81.57,17,0,12.66,clear sky
494,Sitka,US,57.0531,-135.33,57.09,82,75,6.91,broken clouds
495,Tazmalt,DZ,36.3868,4.3989,81.81,46,95,2.17,overcast clouds
496,Koslan,RU,63.4564,48.8989,65.5,66,64,5.32,broken clouds
497,Tulum,MX,20.2167,-87.4667,78.46,87,13,5.08,few clouds
498,Vestmanna,FO,62.1564,-7.1664,43.72,87,100,6.91,overcast clouds
499,Mineiros,BR,-17.5694,-52.5511,63.77,40,14,5.99,few clouds
500,Galveston,US,29.3669,-94.9669,86.95,80,9,1.99,clear sky
501,Aksaray,TR,38.3726,34.0254,63.79,55,0,4.27,clear sky
502,Cermik,TR,38.1361,39.4493,78.3,26,3,3.94,clear sky
503,Salina,US,38.8403,-97.6114,81.95,69,100,14.97,light rain
504,Murray Bridge,AU,-35.1167,139.2667,57.13,69,100,12.48,overcast clouds
505,Amboise,FR,47.4125,0.9827,63.14,77,0,3.44,clear sky
506,Berlevag,NO,70.8578,29.0864,55.4,71,100,17.27,overcast clouds
507,Tombouctou,ML,20.0,-3.0,95.36,21,58,10.54,broken clouds
508,Saint-Leu,RE,-21.15,55.2833,67.32,70,12,10.22,few clouds
509,Placerville,US,38.7296,-120.7986,77.18,51,0,4.61,clear sky
510,Imeni Poliny Osipenko,RU,52.4201,136.4853,88.12,54,12,14.12,few clouds
511,Port Hawkesbury,CA,45.6169,-61.3485,61.63,97,86,8.99,overcast clouds
512,Margate,GB,51.3813,1.3862,64.87,75,76,5.99,broken clouds
513,Padang,ID,-0.9492,100.3543,80.65,65,46,0.92,scattered clouds
514,Maceio,BR,-9.6658,-35.7353,74.64,88,75,8.05,broken clouds
515,Yar-Sale,RU,66.8333,70.8333,56.82,74,100,5.97,overcast clouds
516,Manaure,CO,11.7751,-72.4445,82.8,73,67,15.48,broken clouds
517,Kathmandu,NP,27.7167,85.3167,73.62,94,75,2.3,broken clouds
518,Baracoa,CU,20.3467,-74.4958,78.57,85,3,7.99,clear sky
519,Vaitape,PF,-16.5167,-151.75,79.07,65,11,8.23,few clouds
520,Uddevalla,SE,58.3478,11.9424,60.08,96,100,1.01,overcast clouds
521,Havelock,US,34.8791,-76.9013,84.18,90,100,5.99,overcast clouds
522,Athabasca,CA,54.7169,-113.2854,62.06,84,92,8.59,overcast clouds
523,Thai Binh,VN,20.45,106.3333,85.53,75,100,4.76,overcast clouds
524,Hauterive,FR,46.0901,3.4459,54.36,87,7,1.34,clear sky
525,Christchurch,NZ,-43.5333,172.6333,49.91,76,75,4.61,broken clouds
526,Flinders,AU,-34.5833,150.8552,64.18,77,84,5.01,broken clouds
527,Bartica,GY,6.4,-58.6167,75.52,98,69,2.73,broken clouds
528,Sibolga,ID,1.7427,98.7792,83.08,72,94,0.78,overcast clouds
529,Mbuji-Mayi,CD,-6.15,23.6,67.93,42,24,4.03,few clouds
530,George,ZA,-33.963,22.4617,53.64,69,5,3.85,clear sky
531,Buritizeiro,BR,-17.3511,-44.9622,63.68,54,0,0.96,clear sky
532,Sobolevo,RU,54.4299,31.8996,59.11,96,95,9.69,overcast clouds
533,Port Hardy,CA,50.6996,-127.4199,57.38,94,75,9.22,light intensity shower rain
534,Lazarev,RU,52.225,141.5131,56.08,95,100,25.84,overcast clouds
535,Brufut,GM,13.3814,-16.7518,80.69,83,40,5.75,scattered clouds
536,Helena,US,46.5927,-112.0361,67.19,77,100,14.97,light rain
537,Pontianak,ID,-0.0333,109.3333,80.58,83,20,2.3,few clouds
538,Kichera,RU,55.9375,110.0997,67.14,54,100,3.85,overcast clouds
539,Karratha,AU,-20.7377,116.8463,67.17,19,4,18.23,clear sky
540,Tottori,JP,35.5,134.2333,80.08,71,100,5.41,overcast clouds
541,Popondetta,PG,-8.7537,148.2534,90.1,50,100,5.06,overcast clouds
542,Petauke,ZM,-14.2426,31.3253,55.24,76,1,5.66,clear sky
543,Kalanguy,RU,51.0167,116.5167,71.2,43,16,12.82,few clouds
544,Port Macquarie,AU,-31.4333,152.9167,64.89,86,100,16.67,overcast clouds
545,Lipany,SK,49.1538,20.9638,54.05,95,3,3.2,clear sky
546,Riyadh,SA,24.6877,46.7219,86.14,15,100,10.8,overcast clouds
547,Cayenne,GF,4.9333,-52.3333,82.09,1,0,3.44,clear sky
548,Meadow Lake,US,34.8014,-106.5436,83.73,32,88,2.75,overcast clouds
549,Boa Vista,BR,2.8197,-60.6733,76.98,88,75,8.05,moderate rain
550,Salta,AR,-24.7859,-65.4117,57.13,55,1,2.33,clear sky
551,Kostomuksha,RU,64.571,30.5767,53.01,87,12,6.78,few clouds
552,Ciudad Bolivar,VE,8.1222,-63.5497,78.67,75,40,10.69,scattered clouds
553,Mandera,KE,3.9366,41.867,76.17,65,63,17.02,broken clouds
554,Odweyne,SO,9.4092,45.064,68.25,67,12,20.18,few clouds
555,Inongo,CD,-1.95,18.2667,70.03,68,69,2.28,broken clouds
556,Denpasar,ID,-8.65,115.2167,74.86,88,75,16.11,broken clouds
557,Cabra,ES,37.4725,-4.4421,73.65,54,0,3.76,clear sky
558,Marathon,US,44.9,-89.7668,71.13,82,40,5.75,scattered clouds
559,Qeshm,IR,26.9581,56.2719,87.71,81,100,12.71,overcast clouds
560,Cabedelo,BR,-6.9811,-34.8339,74.07,87,64,12.71,moderate rain
561,Agua Dulce,MX,18.1333,-94.1333,79.0,88,100,7.4,overcast clouds
562,Hokitika,NZ,-42.7167,170.9667,52.68,60,100,6.4,overcast clouds
563,Mozhga,RU,56.4447,52.2276,62.38,87,0,3.87,clear sky
564,Langsa,ID,4.4683,97.9683,81.86,79,87,0.56,overcast clouds
565,San Policarpo,PH,12.1791,125.5072,84.27,70,87,0.54,light rain
566,Sierpc,PL,52.8568,19.6691,54.95,74,83,4.7,broken clouds
567,Bastia,FR,42.6667,9.3333,77.31,64,0,1.14,clear sky
568,Voyvozh,RU,62.892,54.9635,68.18,68,29,4.36,scattered clouds
569,Pokhara,NP,28.2333,83.9833,77.32,89,64,1.95,broken clouds
570,Vysha,RU,53.8477,42.3777,61.47,72,84,5.19,broken clouds
571,Ekhabi,RU,53.5102,142.9671,79.27,57,95,14.36,overcast clouds
572,Malinovoye Ozero,RU,51.6753,79.7825,70.29,41,71,2.1,light rain
573,Avera,US,33.194,-82.5271,80.11,78,15,6.13,few clouds
574,Mosetse,BW,-20.75,26.65,55.0,51,0,8.48,clear sky
575,Ust-Nera,RU,64.5667,143.2,84.29,50,91,6.73,overcast clouds
576,Cockburn Town,TC,21.4612,-71.1419,81.81,78,0,22.08,clear sky
577,Bria,CF,6.5423,21.9863,67.41,95,12,1.68,few clouds
578,Dongsheng,CN,39.8161,109.9776,82.24,25,0,18.75,clear sky
579,Hit,IQ,33.6416,42.8251,86.2,20,0,9.89,clear sky
580,Zyryanka,RU,65.75,150.85,64.89,57,83,7.99,broken clouds
581,Jinka,ET,5.65,36.65,61.84,92,100,2.8,moderate rain
582,Kati,ML,12.7441,-8.0726,78.21,77,64,4.99,broken clouds
583,Ucluelet,CA,48.9329,-125.5528,60.1,85,100,1.01,overcast clouds
584,Tawau,MY,4.2498,117.8871,81.72,75,92,4.5,overcast clouds
585,Quelimane,MZ,-17.8786,36.8883,62.85,89,0,1.48,clear sky
586,Sile,TR,41.1754,29.6133,70.47,79,0,1.01,clear sky
587,Halvad,IN,23.0167,71.1833,82.71,80,91,5.28,overcast clouds
588,Apac,UG,1.9756,32.5386,62.53,78,70,1.45,broken clouds
589,New London,US,41.4834,-72.0662,73.78,68,0,5.75,clear sky
590,Razdolinsk,RU,58.4211,94.6658,63.5,79,97,5.3,light rain
591,Tagusao,PH,9.1924,117.8141,84.18,70,83,5.57,broken clouds
592,Tomatlan,MX,19.9333,-105.25,78.76,88,100,3.11,overcast clouds
593,Mildura,AU,-34.2,142.15,56.07,71,3,16.58,clear sky
594,Laguna,US,38.421,-121.4238,83.14,53,0,14.97,clear sky
595,Rivadavia,AR,-33.1905,-68.4608,46.06,41,0,16.08,clear sky
596,San Pedro,PH,14.35,121.0167,85.26,81,75,3.44,broken clouds
597,La Massana,AD,42.5667,1.4833,51.31,87,99,5.44,overcast clouds
598,Akalgarh,IN,29.8167,75.8833,95.5,42,10,6.98,clear sky
599,Lensk,RU,60.7253,114.9278,61.32,85,100,5.7,overcast clouds
600,Nirgua,VE,10.1553,-68.5663,66.36,97,86,1.95,light rain
601,Dongli,CN,23.5656,116.8194,84.18,79,75,4.47,light rain
602,Pontes E Lacerda,BR,-15.2261,-59.3353,67.19,42,0,2.68,clear sky
603,Khorixas,NA,-20.3667,14.9667,62.37,31,0,6.89,clear sky
604,Buluang,PH,13.3068,123.3425,83.08,81,94,2.39,light rain
605,Xixiang,CN,35.1628,112.865,91.0,50,0,6.17,clear sky
606,Chornukhy,UA,50.2673,32.942,71.74,53,98,4.99,overcast clouds
607,Lasa,IT,46.6166,10.7002,59.36,90,51,2.86,broken clouds
608,Pouebo,NC,-20.4,164.5667,80.24,74,99,10.25,overcast clouds
609,Ambilobe,MG,-13.2,49.05,61.34,85,1,4.36,clear sky
610,Puqi,CN,29.7167,113.8833,85.69,78,37,1.28,scattered clouds
611,Maragogi,BR,-9.0122,-35.2225,75.02,87,0,11.56,clear sky
612,Fare,PF,-16.7,-151.0167,79.02,67,0,8.25,clear sky
613,Kannangad,IN,12.3081,75.1063,77.77,87,100,13.33,moderate rain
614,Khorramshahr,IR,30.4397,48.1664,89.56,23,0,9.22,clear sky
615,Praia Da Vitoria,PT,38.7333,-27.0667,65.75,88,75,6.69,broken clouds
616,Turukhansk,RU,65.8167,87.9833,56.75,82,100,3.31,overcast clouds
617,Teya,RU,60.3778,92.6267,60.66,87,77,4.65,broken clouds
618,Vangaindrano,MG,-23.35,47.6,64.53,83,89,3.85,overcast clouds
619,Scottsboro,US,34.6723,-86.0341,81.09,100,75,0.0,light intensity drizzle
620,Zhangjiakou,CN,40.81,114.8794,82.76,24,0,2.15,clear sky
621,Del Rio,US,29.3627,-100.8968,96.91,29,0,10.36,clear sky
622,Vuktyl,RU,63.8567,57.3094,68.41,67,9,6.73,clear sky
623,Opuwo,NA,-18.0607,13.84,59.34,35,0,7.61,clear sky
624,Saint-Georges,GD,12.0564,-61.7485,80.28,83,20,11.5,few clouds
625,Bac Lieu,VN,9.285,105.7244,85.42,74,99,13.35,overcast clouds
626,Gandiaye,SN,14.2333,-16.2667,80.37,78,2,13.47,clear sky
627,Providencia,MX,28.7167,-111.5833,96.21,54,0,8.68,clear sky
628,Ahuimanu,US,21.4447,-157.8378,82.11,71,40,11.5,scattered clouds
629,Quatre Cocos,MU,-20.2078,57.7625,69.1,72,100,15.59,overcast clouds
630,Irtyshskiy,RU,58.3333,68.1333,63.43,67,21,6.4,few clouds
631,Boende,CD,-0.2167,20.8667,72.84,82,98,1.61,overcast clouds
632,Actopan,MX,20.2667,-98.9333,61.34,78,70,6.87,broken clouds
633,Ngaoundere,CM,7.3167,13.5833,61.16,95,100,0.25,overcast clouds
634,Pimenteiras,BR,-6.2453,-41.4192,71.49,68,0,6.15,clear sky
635,Mareeba,AU,-17.0,145.4333,71.47,69,0,2.86,clear sky
636,Kapuskasing,CA,49.4169,-82.4331,60.89,77,20,4.61,few clouds
637,Coruripe,BR,-10.1256,-36.1756,73.33,89,21,12.41,few clouds
638,Yulara,AU,-25.2406,130.9889,55.65,22,0,11.9,clear sky
639,Manado,ID,1.487,124.8455,84.97,79,20,3.44,few clouds
640,Twin Falls,US,42.3505,-114.6445,86.34,23,0,5.75,clear sky
641,Cayeli,TR,41.0923,40.7292,68.41,77,1,3.15,clear sky
642,Kununurra,AU,-15.7667,128.7333,73.38,28,5,13.8,clear sky
643,Dalvik,IS,65.9702,-18.5286,53.53,86,100,7.58,overcast clouds
644,Shanghai,CN,31.2222,121.4581,93.07,71,40,8.95,scattered clouds
645,Mpika,ZM,-11.8343,31.4529,49.24,84,0,4.63,clear sky
646,Nokaneng,BW,-19.6667,22.2667,57.18,45,0,5.88,clear sky
647,Palmer,US,42.1584,-72.3287,70.86,75,20,0.0,few clouds
648,Higashine,JP,38.4389,140.4006,83.21,59,21,4.65,few clouds
649,Brae,GB,60.3964,-1.353,49.87,85,100,17.38,overcast clouds
650,San Patricio,US,28.017,-97.5169,85.89,70,1,13.13,clear sky
651,Abha,SA,18.2164,42.5053,66.02,32,99,0.0,overcast clouds
652,Narrabri,AU,-30.3167,149.7833,62.53,78,12,3.0,few clouds
653,Belmonte,BR,-15.8631,-38.8828,72.16,83,70,7.47,broken clouds
654,Misratah,LY,32.3754,15.0925,80.42,72,0,5.12,clear sky
655,Barcelos,PT,41.5388,-8.6151,77.85,53,0,9.1,clear sky
656,Bayshore Gardens,US,27.4253,-82.5904,80.98,87,40,5.75,moderate rain
657,Bathsheba,BB,13.2167,-59.5167,81.21,90,20,14.97,few clouds
658,Broome,US,42.2506,-75.833,67.01,85,0,5.75,clear sky
659,Kedrovyy,RU,56.1667,91.8167,59.41,98,100,4.32,light rain
660,Ngunguru,NZ,-35.6167,174.5,59.61,91,100,19.39,light rain
661,Kabalo,CD,-6.05,26.9167,67.98,43,5,3.98,clear sky
662,Pershotravneve,UA,51.3929,28.8684,56.28,88,100,8.46,light rain
663,Veraval,IN,20.9,70.3667,82.44,86,100,21.56,moderate rain
664,Kotri,PK,25.366,68.3122,86.7,71,8,7.43,clear sky
665,Lluta,PE,-16.0147,-72.0142,52.39,27,97,2.06,overcast clouds
666,Hohhot,CN,40.8106,111.6522,80.89,44,0,2.24,clear sky
667,Birin,NP,26.8865,88.0718,71.2,80,37,2.13,scattered clouds
668,Mannarakkat,IN,10.9833,76.4667,74.07,94,100,4.25,overcast clouds
669,Biskamzha,RU,53.4497,89.5272,54.54,99,100,5.55,light rain
670,Tank,PK,32.2217,70.3793,85.59,68,100,5.17,overcast clouds
671,Ixcatepec,MX,21.2,-97.95,75.27,85,20,7.76,few clouds
672,Homa Bay,KE,-0.5273,34.4571,68.05,60,100,1.7,overcast clouds
673,Mount Isa,AU,-20.7333,139.5,65.97,39,0,10.36,clear sky
674,Anori,BR,-3.7728,-61.6442,76.03,82,70,1.52,broken clouds
675,Pichayevo,RU,53.2363,42.2032,61.57,67,98,6.31,overcast clouds
676,Amahai,ID,-3.3333,128.9167,79.57,84,93,5.75,overcast clouds
677,Xining,CN,36.6167,101.7667,75.79,42,5,2.13,clear sky
678,Ketchikan,US,55.3422,-131.6461,68.47,56,100,12.66,overcast clouds
